incident_id,category,priority,status,created_date,resolved_date,resolution_time_hours,standard_process,actual_process,process_deviation,assignee,description
INC00001,Network,Low,Resolved,2025-09-17 23:50:32,2025-09-19 18:31:40,42.69,Initial Assignment -> Network Analysis -> Root Cause Identification -> Solution Implementation -> Testing -> Resolution,Initial Assignment -> Network Analysis -> Root Cause Identification -> Solution Implementation -> Testing -> Resolution,No,Technician_4,Sample network incident requiring resolution
INC00002,User Support,Low,Resolved,2025-09-22 23:50:32,2025-09-24 14:48:51,38.97,Initial Assignment -> User Interview -> Problem Diagnosis -> Solution Implementation -> User Training -> Resolution,Initial Assignment -> User Interview -> Problem Diagnosis -> Solution Implementation -> User Training -> Resolution,No,Technician_7,Sample user support incident requiring resolution
INC00003,Application,Low,Resolved,2025-09-23 23:50:32,2025-09-26 22:22:46,70.54,Initial Assignment -> Application Analysis -> Code Review -> Bug Fix -> Testing -> Deployment -> Resolution,Initial Assignment -> Application Analysis -> Compliance Check -> Code Review -> Bug Fix -> Testing -> Deployment -> Resolution,Yes,Technician_9,Sample application incident requiring resolution
INC00004,Network,Medium,Resolved,2025-09-18 23:50:32,2025-09-19 21:42:35,21.87,Initial Assignment -> Network Analysis -> Root Cause Identification -> Solution Implementation -> Testing -> Resolution,Initial Assignment -> Network Analysis -> Root Cause Identification -> Solution Implementation -> Testing -> Resolution,No,Technician_7,Sample network incident requiring resolution
INC00005,Hardware,Low,Resolved,2025-10-08 23:50:32,2025-10-10 21:08:04,45.29,Initial Assignment -> Hardware Diagnosis -> Part Ordering -> Hardware Replacement -> Testing -> Resolution,Initial Assignment -> Hardware Diagnosis -> Part Ordering -> Hardware Replacement -> Testing -> Resolution,No,Technician_12,Sample hardware incident requiring resolution
INC00006,User Support,High,Resolved,2025-09-15 23:50:32,2025-09-16 09:21:22,9.51,Initial Assignment -> User Interview -> Problem Diagnosis -> Solution Implementation -> User Training -> Resolution,Initial Assignment -> Problem Diagnosis -> User Interview -> Solution Implementation -> User Training -> Resolution,Yes,Technician_13,Sample user support incident requiring resolution
INC00007,Network,High,Resolved,2025-09-14 23:50:32,2025-09-15 09:04:32,9.23,Initial Assignment -> Network Analysis -> Root Cause Identification -> Solution Implementation -> Testing -> Resolution,Initial Assignment -> Network Analysis -> Root Cause Identification -> Solution Implementation -> Testing -> Resolution,No,Technician_12,Sample network incident requiring resolution
INC00008,User Support,Medium,Resolved,2025-09-18 23:50:32,2025-09-20 18:49:45,42.99,Initial Assignment -> User Interview -> Problem Diagnosis -> Solution Implementation -> User Training -> Resolution,Initial Assignment -> User Interview -> Problem Diagnosis -> Extended Testing -> Solution Implementation -> User Training -> Resolution,Yes,Technician_8,Sample user support incident requiring resolution
INC00009,Network,Critical,Resolved,2025-10-02 23:50:32,2025-10-03 02:06:34,2.27,Initial Assignment -> Network Analysis -> Root Cause Identification -> Solution Implementation -> Testing -> Resolution,Initial Assignment -> Network Analysis -> Root Cause Identification -> Solution Implementation -> Testing -> Resolution,No,Technician_6,Sample network incident requiring resolution
INC00010,Hardware,High,Resolved,2025-10-04 23:50:32,2025-10-05 08:29:17,8.65,Initial Assignment -> Hardware Diagnosis -> Part Ordering -> Hardware Replacement -> Testing -> Resolution,Initial Assignment -> Hardware Diagnosis -> Part Ordering -> Hardware Replacement -> Testing -> Resolution,No,Technician_3,Sample hardware incident requiring resolution
INC00011,User Support,Medium,Resolved,2025-09-23 23:50:32,2025-09-24 20:36:39,20.77,Initial Assignment -> User Interview -> Problem Diagnosis -> Solution Implementation -> User Training -> Resolution,Initial Assignment -> User Interview -> Problem Diagnosis -> Solution Implementation -> User Training -> Resolution,No,Technician_13,Sample user support incident requiring resolution
INC00012,Hardware,Medium,Resolved,2025-09-19 23:50:32,2025-09-21 02:25:04,26.58,Initial Assignment -> Hardware Diagnosis -> Part Ordering -> Hardware Replacement -> Testing -> Resolution,Initial Assignment -> Hardware Diagnosis -> Part Ordering -> Hardware Replacement -> Testing -> Resolution,No,Technician_2,Sample hardware incident requiring resolution
INC00013,Application,Low,Resolved,2025-09-15 23:50:32,2025-09-17 19:22:58,43.54,Initial Assignment -> Application Analysis -> Code Review -> Bug Fix -> Testing -> Deployment -> Resolution,Initial Assignment -> Application Analysis -> Code Review -> Bug Fix -> Testing -> Deployment -> Resolution,No,Technician_7,Sample application incident requiring resolution
INC00014,User Support,High,Resolved,2025-10-04 23:50:32,2025-10-05 07:30:29,7.67,Initial Assignment -> User Interview -> Problem Diagnosis -> Solution Implementation -> User Training -> Resolution,Initial Assignment -> User Interview -> Problem Diagnosis -> Solution Implementation -> User Training -> Resolution,No,Technician_15,Sample user support incident requiring resolution
INC00015,Application,High,Resolved,2025-10-06 23:50:32,2025-10-07 08:02:19,8.2,Initial Assignment -> Application Analysis -> Code Review -> Bug Fix -> Testing -> Deployment -> Resolution,Initial Assignment -> Application Analysis -> Code Review -> Bug Fix -> Testing -> Deployment -> Resolution,No,Technician_9,Sample application incident requiring resolution
INC00016,User Support,Critical,Resolved,2025-09-12 23:50:32,2025-09-13 01:43:54,1.89,Initial Assignment -> User Interview -> Problem Diagnosis -> Solution Implementation -> User Training -> Resolution,Initial Assignment -> User Interview -> Problem Diagnosis -> Solution Implementation -> User Training -> Resolution,No,Technician_5,Sample user support incident requiring resolution
INC00017,User Support,Critical,Resolved,2025-10-08 23:50:32,2025-10-09 02:07:52,2.29,Initial Assignment -> User Interview -> Problem Diagnosis -> Solution Implementation -> User Training -> Resolution,Initial Assignment -> User Interview -> Problem Diagnosis -> Solution Implementation -> User Training -> Resolution,No,Technician_5,Sample user support incident requiring resolution
INC00018,Application,Critical,Resolved,2025-09-21 23:50:32,2025-09-22 02:14:20,2.4,Initial Assignment -> Application Analysis -> Code Review -> Bug Fix -> Testing -> Deployment -> Resolution,Initial Assignment -> Application Analysis -> Code Review -> Bug Fix -> Testing -> Resolution -> Deployment,Yes,Technician_17,Sample application incident requiring resolution
INC00019,Hardware,Low,Resolved,2025-09-19 23:50:32,2025-09-22 03:19:51,51.49,Initial Assignment -> Hardware Diagnosis -> Part Ordering -> Hardware Replacement -> Testing -> Resolution,Initial Assignment -> Hardware Diagnosis -> Part Ordering -> Hardware Replacement -> Testing -> Resolution,No,Technician_18,Sample hardware incident requiring resolution
INC00020,Hardware,High,Resolved,2025-10-07 23:50:32,2025-10-08 06:44:54,6.91,Initial Assignment -> Hardware Diagnosis -> Part Ordering -> Hardware Replacement -> Testing -> Resolution,Initial Assignment -> Hardware Diagnosis -> Part Ordering -> Hardware Replacement -> Testing -> Resolution,No,Technician_1,Sample hardware incident requiring resolution
INC00021,Hardware,Medium,Resolved,2025-09-24 23:50:32,2025-09-26 03:23:57,27.56,Initial Assignment -> Hardware Diagnosis -> Part Ordering -> Hardware Replacement -> Testing -> Resolution,Initial Assignment -> Hardware Diagnosis -> Part Ordering -> Hardware Replacement -> Testing -> Resolution,No,Technician_10,Sample hardware incident requiring resolution
INC00022,User Support,Medium,Resolved,2025-10-06 23:50:32,2025-10-07 20:35:35,20.75,Initial Assignment -> User Interview -> Problem Diagnosis -> Solution Implementation -> User Training -> Resolution,Initial Assignment -> User Interview -> Problem Diagnosis -> Solution Implementation -> User Training -> Resolution,No,Technician_17,Sample user support incident requiring resolution
INC00023,Network,High,Resolved,2025-09-25 23:50:32,2025-09-26 07:00:30,7.17,Initial Assignment -> Network Analysis -> Root Cause Identification -> Solution Implementation -> Testing -> Resolution,Initial Assignment -> Network Analysis -> Root Cause Identification -> Testing -> Solution Implementation -> Resolution,Yes,Technician_8,Sample network incident requiring resolution
INC00024,User Support,Low,Resolved,2025-10-08 23:50:32,2025-10-11 05:54:35,54.07,Initial Assignment -> User Interview -> Problem Diagnosis -> Solution Implementation -> User Training -> Resolution,Initial Assignment -> User Interview -> Problem Diagnosis -> Solution Implementation -> User Training -> Resolution,No,Technician_18,Sample user support incident requiring resolution
INC00025,Application,Medium,Resolved,2025-09-19 23:50:32,2025-09-21 00:19:13,24.48,Initial Assignment -> Application Analysis -> Code Review -> Bug Fix -> Testing -> Deployment -> Resolution,Initial Assignment -> Application Analysis -> Code Review -> Bug Fix -> Testing -> Deployment -> Resolution,No,Technician_9,Sample application incident requiring resolution
INC00026,User Support,Critical,Resolved,2025-10-04 23:50:32,2025-10-05 02:02:47,2.2,Initial Assignment -> User Interview -> Problem Diagnosis -> Solution Implementation -> User Training -> Resolution,Initial Assignment -> User Interview -> Problem Diagnosis -> Solution Implementation -> User Training -> Resolution,No,Technician_7,Sample user support incident requiring resolution
INC00027,Hardware,Critical,Resolved,2025-09-19 23:50:32,2025-09-20 01:47:33,1.95,Initial Assignment -> Hardware Diagnosis -> Part Ordering -> Hardware Replacement -> Testing -> Resolution,Initial Assignment -> Hardware Diagnosis -> Part Ordering -> Hardware Replacement -> Testing -> Resolution,No,Technician_17,Sample hardware incident requiring resolution
INC00028,Security,Low,Resolved,2025-10-03 23:50:32,2025-10-05 20:44:00,44.89,Initial Assignment -> Security Assessment -> Threat Analysis -> Mitigation Implementation -> Security Validation -> Resolution,Initial Assignment -> Security Assessment -> Threat Analysis -> Mitigation Implementation -> Security Validation -> Resolution,No,Technician_19,Sample security incident requiring resolution
INC00029,User Support,Medium,Resolved,2025-09-22 23:50:32,2025-09-23 19:43:25,19.88,Initial Assignment -> User Interview -> Problem Diagnosis -> Solution Implementation -> User Training -> Resolution,Initial Assignment -> User Interview -> Problem Diagnosis -> Solution Implementation -> User Training -> Resolution,No,Technician_2,Sample user support incident requiring resolution
INC00030,Application,Low,Resolved,2025-09-12 23:50:32,2025-09-15 00:06:50,48.27,Initial Assignment -> Application Analysis -> Code Review -> Bug Fix -> Testing -> Deployment -> Resolution,Initial Assignment -> Code Review -> Application Analysis -> Bug Fix -> Testing -> Deployment -> Resolution,Yes,Technician_9,Sample application incident requiring resolution
INC00031,Security,Medium,Resolved,2025-09-23 23:50:32,2025-09-25 15:56:26,40.1,Initial Assignment -> Security Assessment -> Threat Analysis -> Mitigation Implementation -> Security Validation -> Resolution,Initial Assignment -> Security Assessment -> Compliance Check -> Threat Analysis -> Mitigation Implementation -> Security Validation -> Resolution,Yes,Technician_14,Sample security incident requiring resolution
INC00032,Application,Low,Resolved,2025-10-07 23:50:32,2025-10-09 21:02:41,45.2,Initial Assignment -> Application Analysis -> Code Review -> Bug Fix -> Testing -> Deployment -> Resolution,Initial Assignment -> Application Analysis -> Code Review -> Bug Fix -> Testing -> Deployment -> Resolution,No,Technician_14,Sample application incident requiring resolution
INC00033,Security,Low,Resolved,2025-09-19 23:50:32,2025-09-22 02:38:56,50.81,Initial Assignment -> Security Assessment -> Threat Analysis -> Mitigation Implementation -> Security Validation -> Resolution,Initial Assignment -> Security Assessment -> Threat Analysis -> Mitigation Implementation -> Security Validation -> Resolution,No,Technician_2,Sample security incident requiring resolution
INC00034,Security,High,Resolved,2025-09-15 23:50:32,2025-09-16 07:02:16,7.2,Initial Assignment -> Security Assessment -> Threat Analysis -> Mitigation Implementation -> Security Validation -> Resolution,Initial Assignment -> Security Assessment -> Threat Analysis -> Mitigation Implementation -> Security Validation -> Resolution,No,Technician_7,Sample security incident requiring resolution
INC00035,User Support,Critical,Resolved,2025-10-06 23:50:32,2025-10-07 01:39:54,1.82,Initial Assignment -> User Interview -> Problem Diagnosis -> Solution Implementation -> User Training -> Resolution,Initial Assignment -> User Interview -> Problem Diagnosis -> Solution Implementation -> User Training -> Resolution,No,Technician_8,Sample user support incident requiring resolution
INC00036,Network,Critical,Resolved,2025-09-15 23:50:32,2025-09-16 01:52:57,2.04,Initial Assignment -> Network Analysis -> Root Cause Identification -> Solution Implementation -> Testing -> Resolution,Initial Assignment -> Network Analysis -> Root Cause Identification -> Solution Implementation -> Testing -> Resolution,No,Technician_2,Sample network incident requiring resolution
INC00037,User Support,Low,Resolved,2025-10-08 23:50:32,2025-10-11 06:32:13,54.69,Initial Assignment -> User Interview -> Problem Diagnosis -> Solution Implementation -> User Training -> Resolution,Initial Assignment -> User Interview -> Problem Diagnosis -> Solution Implementation -> User Training -> Resolution,No,Technician_6,Sample user support incident requiring resolution
INC00038,Security,Critical,Resolved,2025-09-25 23:50:32,2025-09-26 01:45:47,1.92,Initial Assignment -> Security Assessment -> Threat Analysis -> Mitigation Implementation -> Security Validation -> Resolution,Initial Assignment -> Security Assessment -> Threat Analysis -> Mitigation Implementation -> Security Validation -> Resolution,No,Technician_2,Sample security incident requiring resolution
INC00039,Application,Critical,Resolved,2025-10-10 23:50:32,2025-10-11 01:39:15,1.81,Initial Assignment -> Application Analysis -> Code Review -> Bug Fix -> Testing -> Deployment -> Resolution,Initial Assignment -> Application Analysis -> Code Review -> Bug Fix -> Testing -> Deployment -> Resolution,No,Technician_15,Sample application incident requiring resolution
INC00040,Hardware,Critical,Resolved,2025-09-18 23:50:32,2025-09-19 02:14:18,2.4,Initial Assignment -> Hardware Diagnosis -> Part Ordering -> Hardware Replacement -> Testing -> Resolution,Initial Assignment -> Hardware Diagnosis -> Part Ordering -> Hardware Replacement -> Testing -> Resolution,No,Technician_18,Sample hardware incident requiring resolution
INC00041,Security,Medium,Resolved,2025-10-04 23:50:32,2025-10-06 04:20:30,28.5,Initial Assignment -> Security Assessment -> Threat Analysis -> Mitigation Implementation -> Security Validation -> Resolution,Initial Assignment -> Security Assessment -> Threat Analysis -> Mitigation Implementation -> Security Validation -> Resolution,No,Technician_19,Sample security incident requiring resolution
INC00042,User Support,Low,Resolved,2025-09-17 23:50:32,2025-09-19 15:12:17,39.36,Initial Assignment -> User Interview -> Problem Diagnosis -> Solution Implementation -> User Training -> Resolution,Initial Assignment -> User Interview -> Problem Diagnosis -> Solution Implementation -> User Training -> Resolution,No,Technician_16,Sample user support incident requiring resolution
INC00043,User Support,Medium,Resolved,2025-10-09 23:50:32,2025-10-10 19:48:40,19.97,Initial Assignment -> User Interview -> Problem Diagnosis -> Solution Implementation -> User Training -> Resolution,Initial Assignment -> User Interview -> Problem Diagnosis -> Solution Implementation -> User Training -> Resolution,No,Technician_6,Sample user support incident requiring resolution
INC00044,Network,Low,Resolved,2025-09-19 23:50:32,2025-09-21 21:59:41,46.15,Initial Assignment -> Network Analysis -> Root Cause Identification -> Solution Implementation -> Testing -> Resolution,Initial Assignment -> Network Analysis -> Root Cause Identification -> Solution Implementation -> Testing -> Resolution,No,Technician_19,Sample network incident requiring resolution
INC00045,Application,Low,Resolved,2025-09-21 23:50:32,2025-09-24 15:19:29,63.48,Initial Assignment -> Application Analysis -> Code Review -> Bug Fix -> Testing -> Deployment -> Resolution,Initial Assignment -> Application Analysis -> Code Review -> Documentation Review -> Bug Fix -> Testing -> Deployment -> Resolution,Yes,Technician_11,Sample application incident requiring resolution
INC00046,Application,High,Resolved,2025-09-28 23:50:32,2025-09-29 10:57:35,11.12,Initial Assignment -> Application Analysis -> Code Review -> Bug Fix -> Testing -> Deployment -> Resolution,Initial Assignment -> Application Analysis -> Code Review -> Bug Fix -> Documentation Review -> Testing -> Deployment -> Resolution,Yes,Technician_3,Sample application incident requiring resolution
INC00047,Network,Critical,Resolved,2025-09-21 23:50:32,2025-09-22 02:14:20,2.4,Initial Assignment -> Network Analysis -> Root Cause Identification -> Solution Implementation -> Testing -> Resolution,Initial Assignment -> Network Analysis -> Root Cause Identification -> Solution Implementation -> Testing -> Resolution,No,Technician_3,Sample network incident requiring resolution
INC00048,User Support,Medium,Resolved,2025-09-24 23:50:32,2025-09-26 04:00:05,28.16,Initial Assignment -> User Interview -> Problem Diagnosis -> Solution Implementation -> User Training -> Resolution,Initial Assignment -> User Interview -> Problem Diagnosis -> Solution Implementation -> User Training -> Resolution,No,Technician_3,Sample user support incident requiring resolution
INC00049,Application,High,Resolved,2025-10-01 23:50:32,2025-10-02 14:09:53,14.32,Initial Assignment -> Application Analysis -> Code Review -> Bug Fix -> Testing -> Deployment -> Resolution,Initial Assignment -> Application Analysis -> Code Review -> Bug Fix -> Testing -> Documentation Review -> Deployment -> Resolution,Yes,Technician_17,Sample application incident requiring resolution
INC00050,Network,High,Resolved,2025-09-11 23:50:32,2025-09-12 09:14:48,9.4,Initial Assignment -> Network Analysis -> Root Cause Identification -> Solution Implementation -> Testing -> Resolution,Initial Assignment -> Network Analysis -> Root Cause Identification -> Solution Implementation -> Testing -> Resolution,No,Technician_5,Sample network incident requiring resolution
INC00051,Hardware,Low,Resolved,2025-09-12 23:50:32,2025-09-15 17:33:24,65.71,Initial Assignment -> Hardware Diagnosis -> Part Ordering -> Hardware Replacement -> Testing -> Resolution,Initial Assignment -> Hardware Diagnosis -> Part Ordering -> Extended Testing -> Hardware Replacement -> Testing -> Resolution,Yes,Technician_7,Sample hardware incident requiring resolution
INC00052,Hardware,Medium,Resolved,2025-09-19 23:50:32,2025-09-20 21:34:35,21.73,Initial Assignment -> Hardware Diagnosis -> Part Ordering -> Hardware Replacement -> Testing -> Resolution,Initial Assignment -> Hardware Diagnosis -> Part Ordering -> Hardware Replacement -> Testing -> Resolution,No,Technician_16,Sample hardware incident requiring resolution
INC00053,Hardware,Low,Resolved,2025-10-08 23:50:32,2025-10-11 06:09:56,54.32,Initial Assignment -> Hardware Diagnosis -> Part Ordering -> Hardware Replacement -> Testing -> Resolution,Initial Assignment -> Hardware Diagnosis -> Part Ordering -> Hardware Replacement -> Testing -> Resolution,No,Technician_2,Sample hardware incident requiring resolution
INC00054,Network,High,Resolved,2025-09-16 23:50:32,2025-09-17 08:36:51,8.77,Initial Assignment -> Network Analysis -> Root Cause Identification -> Solution Implementation -> Testing -> Resolution,Initial Assignment -> Network Analysis -> Solution Implementation -> Root Cause Identification -> Testing -> Resolution,Yes,Technician_18,Sample network incident requiring resolution
INC00055,Security,Low,Resolved,2025-10-07 23:50:32,2025-10-10 10:28:47,58.64,Initial Assignment -> Security Assessment -> Threat Analysis -> Mitigation Implementation -> Security Validation -> Resolution,Initial Assignment -> Security Assessment -> Threat Analysis -> Mitigation Implementation -> Security Validation -> Extended Testing -> Resolution,Yes,Technician_12,Sample security incident requiring resolution
INC00056,User Support,Medium,Resolved,2025-09-27 23:50:32,2025-09-29 03:40:20,27.83,Initial Assignment -> User Interview -> Problem Diagnosis -> Solution Implementation -> User Training -> Resolution,Initial Assignment -> User Interview -> Problem Diagnosis -> User Training -> Solution Implementation -> Resolution,Yes,Technician_2,Sample user support incident requiring resolution
INC00057,Hardware,Medium,Resolved,2025-09-19 23:50:32,2025-09-20 20:01:44,20.19,Initial Assignment -> Hardware Diagnosis -> Part Ordering -> Hardware Replacement -> Testing -> Resolution,Initial Assignment -> Hardware Diagnosis -> Part Ordering -> Hardware Replacement -> Testing -> Resolution,No,Technician_18,Sample hardware incident requiring resolution
INC00058,Security,Medium,Resolved,2025-09-11 23:50:32,2025-09-13 03:20:32,27.5,Initial Assignment -> Security Assessment -> Threat Analysis -> Mitigation Implementation -> Security Validation -> Resolution,Initial Assignment -> Security Assessment -> Threat Analysis -> Mitigation Implementation -> Security Validation -> Resolution,No,Technician_6,Sample security incident requiring resolution
INC00059,Security,Low,Resolved,2025-10-05 23:50:32,2025-10-07 20:37:12,44.78,Initial Assignment -> Security Assessment -> Threat Analysis -> Mitigation Implementation -> Security Validation -> Resolution,Initial Assignment -> Security Assessment -> Threat Analysis -> Mitigation Implementation -> Security Validation -> Resolution,No,Technician_14,Sample security incident requiring resolution
INC00060,Application,High,Resolved,2025-10-05 23:50:32,2025-10-06 06:35:17,6.75,Initial Assignment -> Application Analysis -> Code Review -> Bug Fix -> Testing -> Deployment -> Resolution,Initial Assignment -> Application Analysis -> Code Review -> Bug Fix -> Testing -> Deployment -> Resolution,No,Technician_2,Sample application incident requiring resolution
INC00061,Security,Medium,Resolved,2025-10-04 23:50:32,2025-10-05 23:27:40,23.62,Initial Assignment -> Security Assessment -> Threat Analysis -> Mitigation Implementation -> Security Validation -> Resolution,Initial Assignment -> Security Assessment -> Threat Analysis -> Mitigation Implementation -> Security Validation -> Resolution,No,Technician_10,Sample security incident requiring resolution
INC00062,Application,Medium,Resolved,2025-10-10 23:50:32,2025-10-11 22:52:03,23.03,Initial Assignment -> Application Analysis -> Code Review -> Bug Fix -> Testing -> Deployment -> Resolution,Initial Assignment -> Application Analysis -> Code Review -> Bug Fix -> Testing -> Deployment -> Resolution,No,Technician_9,Sample application incident requiring resolution
INC00063,Network,High,Resolved,2025-09-29 23:50:32,2025-09-30 07:31:16,7.68,Initial Assignment -> Network Analysis -> Root Cause Identification -> Solution Implementation -> Testing -> Resolution,Initial Assignment -> Network Analysis -> Root Cause Identification -> Solution Implementation -> Testing -> Resolution,No,Technician_18,Sample network incident requiring resolution
INC00064,Hardware,Low,Resolved,2025-10-07 23:50:32,2025-10-09 19:15:27,43.42,Initial Assignment -> Hardware Diagnosis -> Part Ordering -> Hardware Replacement -> Testing -> Resolution,Initial Assignment -> Hardware Diagnosis -> Part Ordering -> Hardware Replacement -> Testing -> Resolution,No,Technician_19,Sample hardware incident requiring resolution
INC00065,Hardware,Low,Resolved,2025-10-07 23:50:32,2025-10-09 20:52:45,45.04,Initial Assignment -> Hardware Diagnosis -> Part Ordering -> Hardware Replacement -> Testing -> Resolution,Initial Assignment -> Hardware Diagnosis -> Part Ordering -> Hardware Replacement -> Testing -> Resolution,No,Technician_11,Sample hardware incident requiring resolution
INC00066,Security,Low,Resolved,2025-09-28 23:50:32,2025-09-30 17:53:30,42.05,Initial Assignment -> Security Assessment -> Threat Analysis -> Mitigation Implementation -> Security Validation -> Resolution,Initial Assignment -> Security Assessment -> Threat Analysis -> Mitigation Implementation -> Security Validation -> Resolution,No,Technician_2,Sample security incident requiring resolution
INC00067,Security,Low,Resolved,2025-09-24 23:50:32,2025-09-27 00:34:49,48.74,Initial Assignment -> Security Assessment -> Threat Analysis -> Mitigation Implementation -> Security Validation -> Resolution,Initial Assignment -> Security Assessment -> Threat Analysis -> Mitigation Implementation -> Security Validation -> Resolution,No,Technician_7,Sample security incident requiring resolution
INC00068,Hardware,Critical,Resolved,2025-10-08 23:50:32,2025-10-09 02:10:43,2.34,Initial Assignment -> Hardware Diagnosis -> Part Ordering -> Hardware Replacement -> Testing -> Resolution,Initial Assignment -> Hardware Diagnosis -> Part Ordering -> Hardware Replacement -> Testing -> Resolution,No,Technician_20,Sample hardware incident requiring resolution
INC00069,Hardware,Low,Resolved,2025-09-17 23:50:32,2025-09-19 23:58:44,48.14,Initial Assignment -> Hardware Diagnosis -> Part Ordering -> Hardware Replacement -> Testing -> Resolution,Initial Assignment -> Hardware Diagnosis -> Part Ordering -> Hardware Replacement -> Testing -> Resolution,No,Technician_14,Sample hardware incident requiring resolution
INC00070,Hardware,Critical,Resolved,2025-09-18 23:50:32,2025-09-19 01:32:38,1.7,Initial Assignment -> Hardware Diagnosis -> Part Ordering -> Hardware Replacement -> Testing -> Resolution,Initial Assignment -> Hardware Diagnosis -> Part Ordering -> Hardware Replacement -> Testing -> Resolution,No,Technician_14,Sample hardware incident requiring resolution
INC00071,Security,Medium,Resolved,2025-09-21 23:50:32,2025-09-22 22:56:26,23.1,Initial Assignment -> Security Assessment -> Threat Analysis -> Mitigation Implementation -> Security Validation -> Resolution,Initial Assignment -> Security Assessment -> Threat Analysis -> Mitigation Implementation -> Security Validation -> Resolution,No,Technician_1,Sample security incident requiring resolution
INC00072,Hardware,High,Resolved,2025-10-04 23:50:32,2025-10-05 08:05:53,8.26,Initial Assignment -> Hardware Diagnosis -> Part Ordering -> Hardware Replacement -> Testing -> Resolution,Initial Assignment -> Hardware Diagnosis -> Part Ordering -> Hardware Replacement -> Testing -> Resolution,No,Technician_11,Sample hardware incident requiring resolution
INC00073,Security,Critical,Resolved,2025-09-26 23:50:32,2025-09-27 01:51:04,2.01,Initial Assignment -> Security Assessment -> Threat Analysis -> Mitigation Implementation -> Security Validation -> Resolution,Initial Assignment -> Security Assessment -> Threat Analysis -> Mitigation Implementation -> Security Validation -> Resolution,No,Technician_6,Sample security incident requiring resolution
INC00074,Network,High,Resolved,2025-09-24 23:50:32,2025-09-25 08:13:25,8.38,Initial Assignment -> Network Analysis -> Root Cause Identification -> Solution Implementation -> Testing -> Resolution,Initial Assignment -> Network Analysis -> Root Cause Identification -> Solution Implementation -> Testing -> Resolution,No,Technician_3,Sample network incident requiring resolution
INC00075,Application,High,Resolved,2025-10-03 23:50:32,2025-10-04 06:42:49,6.87,Initial Assignment -> Application Analysis -> Code Review -> Bug Fix -> Testing -> Deployment -> Resolution,Initial Assignment -> Application Analysis -> Code Review -> Bug Fix -> Testing -> Deployment -> Resolution,No,Technician_2,Sample application incident requiring resolution
INC00076,Application,Critical,Resolved,2025-09-21 23:50:32,2025-09-22 01:30:01,1.66,Initial Assignment -> Application Analysis -> Code Review -> Bug Fix -> Testing -> Deployment -> Resolution,Initial Assignment -> Application Analysis -> Code Review -> Bug Fix -> Testing -> Deployment -> Resolution,No,Technician_14,Sample application incident requiring resolution
INC00077,User Support,Medium,Resolved,2025-09-18 23:50:32,2025-09-19 23:47:17,23.95,Initial Assignment -> User Interview -> Problem Diagnosis -> Solution Implementation -> User Training -> Resolution,Initial Assignment -> User Interview -> Problem Diagnosis -> Solution Implementation -> User Training -> Resolution,No,Technician_8,Sample user support incident requiring resolution
INC00078,Application,Low,Resolved,2025-09-12 23:50:32,2025-09-15 05:01:37,53.18,Initial Assignment -> Application Analysis -> Code Review -> Bug Fix -> Testing -> Deployment -> Resolution,Initial Assignment -> Application Analysis -> Code Review -> Bug Fix -> Testing -> Deployment -> Resolution,No,Technician_4,Sample application incident requiring resolution
INC00079,Security,Medium,Resolved,2025-10-05 23:50:32,2025-10-07 01:43:22,25.88,Initial Assignment -> Security Assessment -> Threat Analysis -> Mitigation Implementation -> Security Validation -> Resolution,Initial Assignment -> Security Assessment -> Threat Analysis -> Mitigation Implementation -> Security Validation -> Resolution,No,Technician_15,Sample security incident requiring resolution
INC00080,Network,Medium,Resolved,2025-09-11 23:50:32,2025-09-12 23:25:27,23.58,Initial Assignment -> Network Analysis -> Root Cause Identification -> Solution Implementation -> Testing -> Resolution,Initial Assignment -> Network Analysis -> Root Cause Identification -> Solution Implementation -> Testing -> Resolution,No,Technician_15,Sample network incident requiring resolution
INC00081,User Support,High,Resolved,2025-09-16 23:50:32,2025-09-17 08:12:09,8.36,Initial Assignment -> User Interview -> Problem Diagnosis -> Solution Implementation -> User Training -> Resolution,Initial Assignment -> User Interview -> Problem Diagnosis -> Solution Implementation -> User Training -> Resolution,No,Technician_17,Sample user support incident requiring resolution
INC00082,Security,Critical,Resolved,2025-09-12 23:50:32,2025-09-13 01:38:58,1.81,Initial Assignment -> Security Assessment -> Threat Analysis -> Mitigation Implementation -> Security Validation -> Resolution,Initial Assignment -> Security Assessment -> Threat Analysis -> Mitigation Implementation -> Resolution -> Security Validation,Yes,Technician_8,Sample security incident requiring resolution
INC00083,Hardware,Critical,Resolved,2025-09-20 23:50:32,2025-09-21 01:47:38,1.95,Initial Assignment -> Hardware Diagnosis -> Part Ordering -> Hardware Replacement -> Testing -> Resolution,Initial Assignment -> Hardware Diagnosis -> Part Ordering -> Hardware Replacement -> Testing -> Resolution,No,Technician_10,Sample hardware incident requiring resolution
INC00084,Application,High,Resolved,2025-09-30 23:50:32,2025-10-01 07:58:14,8.13,Initial Assignment -> Application Analysis -> Code Review -> Bug Fix -> Testing -> Deployment -> Resolution,Initial Assignment -> Application Analysis -> Code Review -> Bug Fix -> Testing -> Deployment -> Resolution,No,Technician_5,Sample application incident requiring resolution
INC00085,Application,Medium,Resolved,2025-09-28 23:50:32,2025-09-30 01:49:25,25.98,Initial Assignment -> Application Analysis -> Code Review -> Bug Fix -> Testing -> Deployment -> Resolution,Initial Assignment -> Application Analysis -> Code Review -> Bug Fix -> Testing -> Deployment -> Resolution,No,Technician_3,Sample application incident requiring resolution
INC00086,Security,Critical,Resolved,2025-09-30 23:50:32,2025-10-01 01:46:29,1.93,Initial Assignment -> Security Assessment -> Threat Analysis -> Mitigation Implementation -> Security Validation -> Resolution,Initial Assignment -> Security Assessment -> Threat Analysis -> Mitigation Implementation -> Security Validation -> Resolution,No,Technician_7,Sample security incident requiring resolution
INC00087,Security,Critical,Resolved,2025-09-12 23:50:32,2025-09-13 02:11:56,2.36,Initial Assignment -> Security Assessment -> Threat Analysis -> Mitigation Implementation -> Security Validation -> Resolution,Initial Assignment -> Security Assessment -> Threat Analysis -> Mitigation Implementation -> Security Validation -> Resolution,No,Technician_1,Sample security incident requiring resolution
INC00088,User Support,Critical,Resolved,2025-09-25 23:50:32,2025-09-26 02:02:42,2.2,Initial Assignment -> User Interview -> Problem Diagnosis -> Solution Implementation -> User Training -> Resolution,Initial Assignment -> User Interview -> Problem Diagnosis -> User Training -> Solution Implementation -> Resolution,Yes,Technician_14,Sample user support incident requiring resolution
INC00089,User Support,Medium,Resolved,2025-09-25 23:50:32,2025-09-26 23:13:34,23.38,Initial Assignment -> User Interview -> Problem Diagnosis -> Solution Implementation -> User Training -> Resolution,Initial Assignment -> User Interview -> Problem Diagnosis -> Solution Implementation -> User Training -> Resolution,No,Technician_1,Sample user support incident requiring resolution
INC00090,Security,High,Resolved,2025-09-19 23:50:32,2025-09-20 07:32:09,7.69,Initial Assignment -> Security Assessment -> Threat Analysis -> Mitigation Implementation -> Security Validation -> Resolution,Initial Assignment -> Security Assessment -> Threat Analysis -> Mitigation Implementation -> Security Validation -> Resolution,No,Technician_6,Sample security incident requiring resolution
INC00091,Security,Medium,Resolved,2025-09-21 23:50:32,2025-09-23 03:44:55,27.91,Initial Assignment -> Security Assessment -> Threat Analysis -> Mitigation Implementation -> Security Validation -> Resolution,Initial Assignment -> Security Assessment -> Threat Analysis -> Mitigation Implementation -> Security Validation -> Resolution,No,Technician_19,Sample security incident requiring resolution
INC00092,User Support,Low,Resolved,2025-10-08 23:50:32,2025-10-10 16:50:51,41.01,Initial Assignment -> User Interview -> Problem Diagnosis -> Solution Implementation -> User Training -> Resolution,Initial Assignment -> User Interview -> Problem Diagnosis -> Solution Implementation -> User Training -> Resolution,No,Technician_15,Sample user support incident requiring resolution
INC00093,Application,Low,Resolved,2025-10-02 23:50:32,2025-10-04 18:18:22,42.46,Initial Assignment -> Application Analysis -> Code Review -> Bug Fix -> Testing -> Deployment -> Resolution,Initial Assignment -> Application Analysis -> Code Review -> Bug Fix -> Testing -> Deployment -> Resolution,No,Technician_11,Sample application incident requiring resolution
INC00094,Hardware,Critical,Resolved,2025-10-02 23:50:32,2025-10-03 02:06:28,2.27,Initial Assignment -> Hardware Diagnosis -> Part Ordering -> Hardware Replacement -> Testing -> Resolution,Initial Assignment -> Hardware Diagnosis -> Part Ordering -> Hardware Replacement -> Testing -> Resolution,No,Technician_9,Sample hardware incident requiring resolution
INC00095,Network,Critical,Resolved,2025-10-10 23:50:32,2025-10-11 01:29:02,1.64,Initial Assignment -> Network Analysis -> Root Cause Identification -> Solution Implementation -> Testing -> Resolution,Initial Assignment -> Network Analysis -> Root Cause Identification -> Solution Implementation -> Testing -> Resolution,No,Technician_12,Sample network incident requiring resolution
INC00096,Application,Low,Resolved,2025-09-16 23:50:32,2025-09-18 15:00:54,39.17,Initial Assignment -> Application Analysis -> Code Review -> Bug Fix -> Testing -> Deployment -> Resolution,Initial Assignment -> Application Analysis -> Code Review -> Bug Fix -> Testing -> Deployment -> Resolution,No,Technician_1,Sample application incident requiring resolution
INC00097,Application,Medium,Resolved,2025-09-14 23:50:32,2025-09-16 06:27:35,30.62,Initial Assignment -> Application Analysis -> Code Review -> Bug Fix -> Testing -> Deployment -> Resolution,Initial Assignment -> Application Analysis -> Bug Fix -> Testing -> Deployment -> Resolution,Yes,Technician_4,Sample application incident requiring resolution
INC00098,User Support,Medium,Resolved,2025-09-26 23:50:32,2025-09-28 02:24:16,26.56,Initial Assignment -> User Interview -> Problem Diagnosis -> Solution Implementation -> User Training -> Resolution,Initial Assignment -> User Interview -> Problem Diagnosis -> Solution Implementation -> User Training -> Resolution,No,Technician_6,Sample user support incident requiring resolution
INC00099,User Support,Low,Resolved,2025-09-16 23:50:32,2025-09-19 08:45:53,56.92,Initial Assignment -> User Interview -> Problem Diagnosis -> Solution Implementation -> User Training -> Resolution,Initial Assignment -> User Interview -> Problem Diagnosis -> Solution Implementation -> User Training -> Resolution,No,Technician_4,Sample user support incident requiring resolution
INC00100,User Support,Low,Resolved,2025-09-11 23:50:32,2025-09-14 03:14:50,51.41,Initial Assignment -> User Interview -> Problem Diagnosis -> Solution Implementation -> User Training -> Resolution,Initial Assignment -> User Interview -> Problem Diagnosis -> Solution Implementation -> User Training -> Resolution,No,Technician_13,Sample user support incident requiring resolution
